DATE,AWND,PRCP,TAVG,TMAX,TMIN
2019-01-01,6.26,0,54,62,41
2019-01-02,4.7,0,52,61,39
2019-01-03,6.26,0,54,66,45
2019-01-04,4.7,0,54,63,44
2019-01-05,7.61,0.56,54,58,48
2019-01-06,6.71,0,53,59,49
2019-01-07,7.83,0.21,54,60,51
2019-01-08,5.14,0,59,71,51
2019-01-09,4.92,0,57,63,48
2019-01-10,5.37,0,57,61,50
2019-01-11,6.71,0,56,65,51
2019-01-12,6.26,0.93,55,61,52
2019-01-13,4.92,0,54,61,46
2019-01-14,8.5,1.08,55,57,51
2019-01-15,8.5,0.69,54,59,50
2019-01-16,8.28,0.67,55,61,54
2019-01-17,11.18,0.57,60,61,58
2019-01-18,5.59,0,59,64,54
2019-01-19,6.04,0,61,76,52
2019-01-20,9.17,0,62,70,54
2019-01-21,16.78,0,59,62,54
2019-01-22,8.28,0,58,65,52
2019-01-23,4.92,0,56,65,45
2019-01-24,4.7,0,59,78,49
2019-01-25,4.47,0,62,75,50
2019-01-26,3.8,0,62,74,50
2019-01-27,4.7,0,63,73,51
2019-01-28,4.92,0,60,70,49
2019-01-29,4.47,0,61,68,55
2019-01-30,4.7,0,59,64,55
2019-01-31,7.38,0.81,58,60,53
2019-02-01,6.49,0.01,55,63,49
2019-02-02,11.41,1.45,57,60,52
2019-02-03,7.83,0.25,56,59,51
2019-02-04,12.3,0.27,56,60,53
2019-02-05,14.32,0.12,54,56,47
2019-02-06,9.4,0,50,55,44
2019-02-07,6.93,0,51,61,42
2019-02-08,6.71,0,53,61,42
2019-02-09,7.38,0.23,52,58,46
2019-02-10,10.51,0.1,52,58,48
2019-02-11,7.83,0,51,59,42
2019-02-12,5.82,0,54,68,44
2019-02-13,10.29,0.09,55,61,51
2019-02-14,13.42,1.68,57,63,53
2019-02-15,9.17,0.13,56,60,50
2019-02-16,13.2,0,53,59,48
2019-02-17,15.43,0.02,53,56,45
2019-02-18,9.17,0,52,59,46
2019-02-19,8.05,0,52,58,42
2019-02-20,12.08,0.01,50,58,42
2019-02-21,7.38,0,51,57,45
2019-02-22,8.28,0,50,60,41
2019-02-23,7.16,0,52,61,41
2019-02-24,6.04,0,54,64,45
2019-02-25,5.37,0,56,65,47
2019-02-26,6.49,0,55,62,48
2019-02-27,5.82,0,57,63,53
2019-02-28,8.05,0.06,58,64,55
2019-03-01,6.04,0,58,62,56
2019-03-02,9.62,0.99,58,62,55
2019-03-03,9.17,0.05,57,59,55
2019-03-04,9.62,0,57,61,54
2019-03-05,7.16,0.06,55,62,48
2019-03-06,8.5,0.98,58,61,55
2019-03-07,10.07,0,57,60,52
2019-03-08,15.88,0,55,59,50
2019-03-09,10.29,0,54,61,47
2019-03-10,6.71,0,53,60,48
2019-03-11,5.37,0,56,67,49
2019-03-12,13.42,0,62,68,53
2019-03-13,11.63,0,59,68,54
2019-03-14,5.14,0,59,70,49
2019-03-15,6.04,0,62,74,48
2019-03-16,5.59,0,67,78,50
2019-03-17,7.38,0,66,81,56
2019-03-18,5.82,0,64,73,55
2019-03-19,5.82,0,59,65,53
2019-03-20,11.18,0,60,66,55
2019-03-21,10.29,0.02,57,62,54
2019-03-22,7.83,0,56,65,48
2019-03-23,8.5,0,59,65,56
2019-03-24,6.71,0,59,66,51
2019-03-25,8.28,0,59,68,51
2019-03-26,7.38,0,59,67,52
2019-03-27,9.84,0,60,67,55
2019-03-28,10.07,0,61,66,55
2019-03-29,7.83,0,60,70,52
2019-03-30,7.61,0,62,73,50
2019-03-31,6.71,0,67,81,56
2019-04-01,6.49,0,69,81,60
2019-04-02,9.84,0,63,69,58
2019-04-03,7.83,0,61,67,57
2019-04-04,8.28,0,60,66,57
2019-04-05,9.84,0,60,66,54
2019-04-06,8.05,0,61,67,58
2019-04-07,4.7,0,63,74,57
2019-04-08,6.04,0,67,79,58
2019-04-09,12.3,0,66,77,59
2019-04-10,16.11,0,67,74,61
2019-04-11,9.4,0,65,70,55
2019-04-12,12.3,0,64,73,57
2019-04-13,7.61,0,62,72,53
2019-04-14,7.83,0,60,64,53
2019-04-15,8.05,0,56,63,52
2019-04-16,9.62,0,59,65,57
2019-04-17,8.5,0,61,72,53
2019-04-18,7.83,0,63,73,54
2019-04-19,8.5,0,60,63,56
2019-04-20,7.38,0,58,64,57
2019-04-21,9.62,0,59,66,53
2019-04-22,7.38,0,60,66,53
2019-04-23,6.04,0,62,72,55
2019-04-24,7.61,0,62,72,57
2019-04-25,7.38,0,61,68,57
2019-04-26,7.16,0,60,65,57
2019-04-27,6.71,0,60,65,58
2019-04-28,6.93,0.01,61,66,58
2019-04-29,8.95,0,61,67,57
2019-04-30,8.95,0.04,60,66,57
2019-05-01,9.17,0,60,67,54
2019-05-02,6.93,0,61,67,55
2019-05-03,7.83,0,62,68,58
2019-05-04,8.5,0,63,68,59
2019-05-05,9.62,0,62,67,59
2019-05-06,12.3,0,61,67,58
2019-05-07,8.05,0,61,66,58
2019-05-08,8.5,0,62,65,59
2019-05-09,6.04,0,61,64,60
2019-05-10,5.14,0,63,71,60
2019-05-11,8.05,0,64,72,59
2019-05-12,7.16,0,65,73,57
2019-05-13,7.38,0,64,68,61
2019-05-14,8.28,0,64,68,60
2019-05-15,7.83,0,62,67,61
2019-05-16,17.22,0.29,62,68,58
2019-05-17,10.51,0,62,68,55
2019-05-18,9.4,0,62,70,54
2019-05-19,11.18,0.27,58,64,52
2019-05-20,12.97,0,60,67,55
2019-05-21,10.96,0,60,66,59
2019-05-22,10.96,0.09,61,67,56
2019-05-23,7.83,0,60,65,55
2019-05-24,9.62,0,61,68,55
2019-05-25,8.05,0,61,67,56
2019-05-26,10.29,0.08,60,62,55
2019-05-27,7.61,0,58,66,50
2019-05-28,7.61,0,60,67,53
2019-05-29,7.83,0,63,69,56
2019-05-30,6.49,0,62,68,58
2019-05-31,6.93,0,61,67,59
2019-06-01,8.05,0,62,66,59
2019-06-02,8.28,0,62,67,60
2019-06-03,8.28,0,63,69,59
2019-06-04,6.71,0,62,69,60
2019-06-05,6.04,0,64,70,60
2019-06-06,7.61,0,63,69,60
2019-06-07,8.05,0,64,69,61
2019-06-08,7.38,0,65,72,62
2019-06-09,7.83,0,66,72,61
2019-06-10,7.61,0,67,80,62
2019-06-11,6.93,0,68,76,63
2019-06-12,8.5,0,68,72,61
2019-06-13,8.28,0,63,69,61
2019-06-14,8.05,0,64,70,62
2019-06-15,8.28,0,65,72,63
2019-06-16,8.05,0,65,70,63
2019-06-17,6.71,0,64,70,62
2019-06-18,7.38,0,65,71,63
2019-06-19,8.5,0,67,72,64
2019-06-20,7.83,0,66,70,64
2019-06-21,8.05,0,65,70,62
2019-06-22,12.08,0,66,72,62
2019-06-23,9.17,0,66,71,61
2019-06-24,6.26,0,63,69,61
2019-06-25,8.05,0,64,68,63
2019-06-26,9.84,0,64,70,61
2019-06-27,7.61,0,65,72,62
2019-06-28,7.83,0,67,73,63
2019-06-29,7.16,0,68,78,62
2019-06-30,8.5,0,69,78,64
2019-07-01,7.61,0,69,75,63
2019-07-02,7.83,0,69,75,62
2019-07-03,8.72,0,69,75,64
2019-07-04,8.72,0,68,74,63
2019-07-05,7.61,0,67,74,62
2019-07-06,7.61,0,67,72,63
2019-07-07,7.38,0,66,72,64
2019-07-08,8.5,0,68,74,64
2019-07-09,9.4,0,68,75,63
2019-07-10,8.05,0,67,72,63
2019-07-11,7.61,0,68,74,64
2019-07-12,7.38,0,68,75,64
2019-07-13,6.49,0,68,75,64
2019-07-14,7.61,0,67,73,63
2019-07-15,6.26,0,66,72,63
2019-07-16,6.71,0,66,73,62
2019-07-17,8.05,0,68,74,64
2019-07-18,8.28,0,69,73,62
2019-07-19,8.95,0,66,73,62
2019-07-20,9.4,0,68,74,64
2019-07-21,10.07,0,67,72,63
2019-07-22,7.38,0,67,75,63
2019-07-23,8.28,0.05,70,80,64
2019-07-24,6.93,0,73,83,67
2019-07-25,7.61,0,75,87,70
2019-07-26,7.61,0,74,80,69
2019-07-27,7.61,0,71,79,66
2019-07-28,7.61,0,69,73,64
2019-07-29,6.93,0,67,73,63
2019-07-30,7.83,0,68,74,63
2019-07-31,8.5,0,68,74,64
2019-08-01,8.5,0,67,72,63
2019-08-02,6.93,0,68,75,62
2019-08-03,7.83,0,69,74,64
2019-08-04,6.71,0,68,74,63
2019-08-05,8.95,0,66,71,62
2019-08-06,8.5,0,67,73,63
2019-08-07,7.16,0,67,73,61
2019-08-08,7.16,0,64,69,61
2019-08-09,6.71,0,65,72,60
2019-08-10,7.61,0,66,73,61
2019-08-11,7.61,0,67,74,62
2019-08-12,6.71,0,66,73,62
2019-08-13,7.16,0,66,71,61
2019-08-14,8.5,0,65,74,61
2019-08-15,8.28,0,67,75,62
2019-08-16,6.93,0,68,75,64
2019-08-17,7.83,0,69,76,66
2019-08-18,8.5,0,70,76,66
2019-08-19,7.61,0,70,77,66
2019-08-20,7.61,0,71,78,65
2019-08-21,6.93,0,73,80,61
2019-08-22,7.61,0,73,80,67
2019-08-23,6.93,0,72,83,67
2019-08-24,7.61,0,73,80,68
2019-08-25,6.71,0,73,80,68
2019-08-26,7.16,0,74,85,69
2019-08-27,7.16,0,74,80,70
2019-08-28,8.05,0,74,80,70
2019-08-29,8.28,0,73,80,69
2019-08-30,6.71,0,76,82,70
2019-08-31,7.16,0,74,80,69
2019-09-01,5.82,0,73,78,68
2019-09-02,6.49,0,75,93,69
2019-09-03,7.61,0,75,84,69
2019-09-04,7.83,0,77,86,72
2019-09-05,7.61,0,77,87,71
2019-09-06,7.61,0,77,84,71
2019-09-07,8.5,0,76,83,66
2019-09-08,5.82,0,71,78,65
2019-09-09,6.93,0,72,79,66
2019-09-10,8.72,0,72,78,69
2019-09-11,9.17,0,71,78,66
2019-09-12,6.71,0,72,79,67
2019-09-13,7.83,0,73,81,68
2019-09-14,6.93,0,76,85,68
2019-09-15,6.49,0,73,81,68
2019-09-16,6.26,0,71,78,67
2019-09-17,7.61,0,72,79,66
2019-09-18,7.61,0,72,78,65
2019-09-19,8.05,0,71,78,65
2019-09-20,7.16,0,70,77,64
2019-09-21,6.93,0,72,81,65
2019-09-22,5.82,0,74,89,68
2019-09-23,6.49,0,72,79,67
2019-09-24,6.71,0,70,77,66
2019-09-25,8.28,0,73,85,66
2019-09-26,7.61,0,73,78,70
2019-09-27,8.72,0,71,75,68
2019-09-28,8.72,0,69,72,64
2019-09-29,8.05,0,67,73,58
2019-09-30,8.28,0,66,73,57
2019-10-01,8.05,0,67,75,59
2019-10-02,6.93,0,66,73,54
2019-10-03,5.82,0,64,72,54
2019-10-04,6.04,0,64,75,56
2019-10-05,5.82,0,68,77,60
2019-10-06,5.14,0,69,81,60
2019-10-07,6.26,0,69,78,61
2019-10-08,5.82,0,68,75,62
2019-10-09,5.59,0,67,73,63
2019-10-10,5.82,0,68,78,64
2019-10-11,6.49,0,72,90,57
2019-10-12,5.82,0,71,79,60
2019-10-13,5.82,0,67,73,58
2019-10-14,7.61,0,67,72,62
2019-10-15,6.26,0,67,75,59
2019-10-16,6.04,0,70,94,61
2019-10-17,7.38,0,69,77,63
2019-10-18,7.83,0,67,75,60
2019-10-19,5.82,0,67,75,57
2019-10-20,6.04,0,68,83,59
2019-10-21,5.82,0,78,90,66
2019-10-22,5.82,0,78,96,66
2019-10-23,5.82,0,75,91,64
2019-10-24,4.7,0,77,98,64
2019-10-25,5.82,0,82,94,66
2019-10-26,6.93,0,76,88,63
2019-10-27,8.28,0,69,72,61
2019-10-28,6.71,0,66,76,58
2019-10-29,6.04,0,64,71,53
2019-10-30,7.83,0,65,79,55
2019-10-31,7.61,0,66,82,53
2019-11-01,7.38,0,67,82,53
2019-11-02,4.7,0,65,82,53
2019-11-03,5.14,0,65,77,52
2019-11-04,5.14,0,64,75,53
2019-11-05,5.82,0,64,72,57
2019-11-06,4.92,0,63,68,58
2019-11-07,6.26,0,63,68,59
2019-11-08,4.7,0,65,78,56
2019-11-09,6.26,0,72,90,59
2019-11-10,6.04,0,66,72,60
2019-11-11,5.59,0,64,68,62
2019-11-12,6.26,0,64,69,60
2019-11-13,5.14,0,63,68,60
2019-11-14,6.26,0,62,69,57
2019-11-15,4.92,0,63,70,57
2019-11-16,5.37,0,63,72,55
2019-11-17,3.58,0,70,93,55
2019-11-18,6.71,0,78,93,62
2019-11-19,6.93,0.01,70,79,62
2019-11-20,11.63,0.35,61,63,53
2019-11-21,5.37,0.01,58,67,53
2019-11-22,6.71,0,62,71,55
2019-11-23,5.14,0,64,75,56
2019-11-24,6.71,0,65,78,53
2019-11-25,7.61,0,61,70,51
2019-11-26,7.83,0,62,67,55
2019-11-27,9.17,0.27,58,59,50
2019-11-28,9.4,0.78,52,53,46
2019-11-29,8.28,0.01,49,59,43
2019-11-30,6.04,0,53,61,44
2019-12-01,4.47,0,57,65,51
2019-12-02,5.14,0,59,69,52
2019-12-03,3.13,0,61,67,54
2019-12-04,6.71,0.98,61,64,56
2019-12-05,4.03,0,60,69,53
2019-12-06,4.7,0.05,61,67,56
2019-12-07,5.14,0,63,67,61
2019-12-08,8.72,0.05,63,65,58
2019-12-09,4.92,0,59,68,51
2019-12-10,5.14,0,59,69,52
2019-12-11,4.92,0,58,65,50
2019-12-12,3.58,0,61,71,54
2019-12-13,4.25,0,60,65,53
2019-12-14,7.16,0,62,66,58
2019-12-15,11.86,0,60,66,55
2019-12-16,4.47,0,57,69,47
2019-12-17,7.38,0,59,72,45
2019-12-18,5.82,0,58,65,49
2019-12-19,4.25,0,56,67,45
2019-12-20,5.82,0,62,78,50
2019-12-21,4.47,0,65,74,56
2019-12-22,10.07,0.99,62,67,52
2019-12-23,10.07,0.85,57,59,52
2019-12-24,7.16,0,55,61,49
2019-12-25,7.61,1.13,54,58,47
2019-12-26,8.5,0.37,53,57,46
2019-12-27,5.59,0,53,62,43
2019-12-28,4.7,0,55,63,46
2019-12-29,4.47,0,55,62,47
2019-12-30,5.82,0,57,64,53
2019-12-31,5.82,0,61,73,51
2020-01-01,5.59,0,61,67,50
2020-01-02,4.7,0,58,65,52
2020-01-03,4.47,0,60,72,52
2020-01-04,4.92,0,59,67,49
2020-01-05,4.47,0,58,68,49
2020-01-06,5.59,0,61,79,47
2020-01-07,7.83,0,66,79,55
2020-01-08,5.82,0,58,64,50
2020-01-09,7.61,0,57,61,54
2020-01-10,4.92,0,57,66,46
2020-01-11,5.14,0,56,63,48
2020-01-12,5.59,0,56,63,49
2020-01-13,5.59,0,56,62,50
2020-01-14,5.14,0,55,62,48
2020-01-15,5.14,0,55,64,47
2020-01-16,5.82,0.26,56,61,49
2020-01-17,4.92,0.07,55,62,50
2020-01-18,6.26,0,58,71,48
2020-01-19,5.82,0,62,77,52
2020-01-20,5.37,0.02,61,62,55
2020-01-21,8.28,0.03,60,62,56
2020-01-22,4.25,0,57,64,51
2020-01-23,5.14,0,59,69,51
2020-01-24,4.47,0,61,72,51
2020-01-25,5.14,0,58,65,50
2020-01-26,4.7,0,58,62,56
2020-01-27,6.93,0,58,70,50
2020-01-28,6.93,0,64,72,54
2020-01-29,11.41,0,67,78,62
2020-01-30,5.59,0,66,73,52
2020-01-31,4.47,0,63,81,51
2020-02-01,4.7,0,67,81,57
2020-02-02,6.71,0,62,67,53
2020-02-03,15.21,0,57,63,50
2020-02-04,7.83,0,53,60,44
2020-02-05,4.92,0,53,62,44
2020-02-06,6.04,0,55,64,45
2020-02-07,5.14,0,56,64,48
2020-02-08,6.04,0,57,64,50
2020-02-09,8.28,0,57,63,55
2020-02-10,6.93,0,61,77,54
2020-02-11,8.5,0,65,73,50
2020-02-12,6.04,0,59,66,49
2020-02-13,6.71,0,58,66,51
2020-02-14,6.26,0,58,66,50
2020-02-15,5.82,0,57,65,48
2020-02-16,5.37,0,58,67,51
2020-02-17,5.59,0,58,65,50
2020-02-18,7.16,0,60,68,55
2020-02-19,6.71,0,62,66,58
2020-02-20,5.14,0,61,77,53
2020-02-21,6.71,0,64,78,56
2020-02-22,8.72,0,62,66,57
2020-02-23,6.93,0,60,65,55
2020-02-24,6.04,0,59,66,51
2020-02-25,4.92,0,62,79,51
2020-02-26,4.25,0,68,81,55
2020-02-27,4.25,0,70,85,58
2020-02-28,6.04,0,73,87,62
2020-02-29,7.61,0,65,72,57
2020-03-01,8.95,0,60,63,53
2020-03-02,7.83,0,58,76,51
2020-03-03,8.72,0,69,80,59
2020-03-04,6.93,0,62,73,55
2020-03-05,7.38,0,60,67,56
2020-03-06,5.82,0,60,67,54
2020-03-07,8.72,0.01,59,65,56
2020-03-08,6.04,0,58,64,52
2020-03-09,6.49,0.06,60,73,51
2020-03-10,9.62,0.11,63,67,58
2020-03-11,8.05,0,64,70,59
2020-03-12,5.59,1.06,60,62,56
2020-03-13,4.92,0.55,57,60,54
2020-03-14,4.25,0.08,58,62,57
2020-03-15,6.71,0.08,59,65,54
2020-03-16,9.17,0.36,59,64,52
2020-03-17,6.93,0.05,54,61,47
2020-03-18,10.29,0,55,64,48
2020-03-19,6.71,0.02,58,62,52
2020-03-20,7.83,0,57,66,51
2020-03-21,7.61,0,61,66,55
2020-03-22,8.05,1.73,60,70,52
2020-03-23,11.18,0,60,65,57
2020-03-24,9.62,0,59,65,53
2020-03-25,12.97,0,59,63,54
2020-03-26,13.65,0,57,62,49
2020-03-27,11.41,0,57,64,51
2020-03-28,8.72,0,58,65,50
2020-03-29,10.51,0,59,66,51
2020-03-30,7.16,0,60,70,52
2020-03-31,6.04,0,62,72,55
2020-04-01,6.71,0,63,69,57
2020-04-02,8.95,0,63,69,59
2020-04-03,6.49,0,62,67,54
2020-04-04,7.83,0,60,67,55
2020-04-05,9.84,0.06,60,65,57
2020-04-06,9.62,1.22,59,62,56
2020-04-07,8.28,0.26,59,66,53
2020-04-08,7.38,0.01,55,62,51
2020-04-09,8.72,0.88,55,57,51
2020-04-10,6.93,0.23,55,67,52
2020-04-11,7.16,0,60,68,51
2020-04-12,6.26,0.02,60,62,59
2020-04-13,8.05,0,61,65,57
2020-04-14,6.71,0,60,67,55
2020-04-15,6.93,0,65,79,55
2020-04-16,7.61,0,64,70,55
2020-04-17,6.71,0,61,67,58
2020-04-18,11.41,0,62,67,60
2020-04-19,11.18,0,62,67,59
2020-04-20,12.08,0,62,67,57
2020-04-21,7.38,0,62,70,57
2020-04-22,8.5,0,65,81,57
2020-04-23,6.26,0,72,86,61
2020-04-24,7.61,0,71,85,63
2020-04-25,6.04,0,73,84,63
2020-04-26,6.04,0,67,74,58
2020-04-27,5.82,0,66,73,61
2020-04-28,6.04,0,68,75,62
2020-04-29,6.26,0,65,71,62
2020-04-30,5.82,0,65,70,62
2020-05-01,6.26,0,65,72,62
2020-05-02,7.61,0,67,73,61
2020-05-03,6.04,0,66,72,59
2020-05-04,6.71,0,66,74,59
2020-05-05,6.49,0,70,80,63
2020-05-06,5.14,0,72,86,62
2020-05-07,5.37,0,74,87,65
2020-05-08,6.49,0,71,77,63
2020-05-09,6.71,0,69,74,56
2020-05-10,9.4,0,66,71,62
2020-05-11,11.18,0,65,71,62
2020-05-12,9.62,0,64,72,59
2020-05-13,9.84,0,65,71,59
2020-05-14,9.84,0,66,73,58
2020-05-15,7.61,0,65,73,59
2020-05-16,6.49,0,66,74,59
2020-05-17,9.62,0,66,75,60
2020-05-18,12.75,0.12,64,70,59
2020-05-19,13.42,0,62,68,56
2020-05-20,8.5,0,62,68,54
2020-05-21,7.61,0,64,73,57
2020-05-22,7.83,0,66,75,59
2020-05-23,8.5,0,64,70,59
2020-05-24,7.38,0,63,70,59
2020-05-25,7.83,0,63,69,59
2020-05-26,7.16,0,63,69,58
2020-05-27,6.93,0,62,69,57
2020-05-28,7.16,0,62,68,59
2020-05-29,7.61,0,62,68,60
2020-05-30,11.86,0,64,71,60
2020-05-31,9.62,0,64,70,58
2020-06-01,9.4,0,65,75,60
2020-06-02,6.93,0,67,76,60
2020-06-03,8.72,0,67,78,61
2020-06-04,8.5,0,67,74,62
2020-06-05,8.28,0,67,70,63
2020-06-06,11.18,0,65,69,61
2020-06-07,11.86,0,65,72,58
2020-06-08,12.97,0,71,84,65
2020-06-09,8.5,0,78,93,63
2020-06-10,7.38,0,78,89,67
2020-06-11,6.93,0,72,78,60
2020-06-12,8.72,0,65,70,61
2020-06-13,9.17,0,65,73,59
2020-06-14,7.16,0,65,73,59
2020-06-15,7.16,0,67,74,60
2020-06-16,8.05,0,66,71,63
2020-06-17,7.83,0,67,74,62
2020-06-18,6.93,0,65,70,62
2020-06-19,9.62,0,66,71,63
2020-06-20,9.4,0,65,70,62
2020-06-21,7.61,0,66,72,63
2020-06-22,7.83,0,66,73,62
2020-06-23,8.05,0,65,71,61
2020-06-24,6.93,0,64,70,61
2020-06-25,7.83,0,65,72,63
2020-06-26,8.05,0,65,70,62
2020-06-27,7.16,0,65,71,61
2020-06-28,8.05,0,66,69,63
2020-06-29,8.5,0,66,71,63
2020-06-30,8.05,0,65,71,62
2020-07-01,6.71,0,65,71,63
2020-07-02,8.5,0,67,74,62
2020-07-03,9.84,0,66,72,61
2020-07-04,7.83,0,68,76,62
2020-07-05,6.49,0,70,80,63
2020-07-06,7.38,0,70,78,63
2020-07-07,7.16,0,70,76,64
2020-07-08,7.38,0,69,76,62
2020-07-09,7.38,0,68,75,63
2020-07-10,7.16,0,68,76,63
2020-07-11,8.05,0,69,79,63
2020-07-12,6.93,0,73,81,67
2020-07-13,8.72,0,71,78,64
2020-07-14,8.72,0,69,75,63
2020-07-15,8.72,0,67,72,62
2020-07-16,9.4,0,66,72,62
2020-07-17,9.62,0,67,74,63
2020-07-18,10.51,0,67,72,62
2020-07-19,10.07,0,65,71,61
2020-07-20,8.28,0,65,71,60
2020-07-21,8.05,0,66,73,59
2020-07-22,7.83,0,63,70,59
2020-07-23,8.05,0,65,73,61
2020-07-24,8.05,0,66,73,61
2020-07-25,7.61,0,66,72,61
2020-07-26,9.17,0,64,69,60
2020-07-27,9.17,0,64,68,60
2020-07-28,8.95,0,63,70,60
2020-07-29,8.72,0,64,69,59
2020-07-30,7.83,0,62,71,58
2020-07-31,7.61,0,67,76,62
2020-08-01,5.82,0,69,81,61
2020-08-02,5.82,0,69,75,63
2020-08-03,6.71,0,69,73,65
2020-08-04,6.71,0,68,74,64
2020-08-05,8.28,0,67,73,63
2020-08-06,7.83,0,67,74,63
2020-08-07,7.61,0,67,73,61
2020-08-08,8.05,0,66,72,62
2020-08-09,9.17,0,65,71,61
2020-08-10,9.4,0,65,71,62
2020-08-11,9.4,0,64,69,60
2020-08-12,7.16,0,65,73,60
2020-08-13,6.49,0,70,83,66
2020-08-14,7.38,0,74,81,68
2020-08-15,5.82,0,75,87,69
2020-08-16,7.38,0,78,93,68
2020-08-17,6.93,0,72,78,67
2020-08-18,6.93,0,74,85,69
2020-08-19,6.71,0,77,85,73
2020-08-20,5.59,0,76,85,72
2020-08-21,6.93,0,75,81,70
2020-08-22,6.71,0,77,90,70
2020-08-23,8.5,0,77,83,71
2020-08-24,10.51,0,72,74,69
2020-08-25,8.72,0,71,76,67
2020-08-26,8.28,0,70,76,66
2020-08-27,6.93,0,71,79,67
2020-08-28,9.17,0,69,75,62
2020-08-29,8.5,0,66,72,62
2020-08-30,8.28,0,67,73,62
2020-08-31,7.83,0,67,72,64
2020-09-01,9.62,0,67,74,64
2020-09-02,7.83,0,67,72,63
2020-09-03,7.16,0,68,74,63
2020-09-04,6.49,0,69,77,64
2020-09-05,5.82,0,73,86,67
2020-09-06,6.49,0,83,99,71
2020-09-07,5.82,0,79,83,70
2020-09-08,6.26,0,73,77,69
2020-09-09,5.82,0,70,73,64
2020-09-10,5.37,0,66,70,62
2020-09-11,6.49,0,67,75,61
2020-09-12,5.82,0,67,74,60
2020-09-13,5.14,0,66,75,60
2020-09-14,5.82,0,68,77,61
2020-09-15,5.59,0,69,76,62
2020-09-16,5.37,0,70,81,62
2020-09-17,5.82,0,71,82,62
2020-09-18,6.26,0,72,87,63
2020-09-19,5.82,0,71,77,65
2020-09-20,6.04,0,67,74,60
2020-09-21,7.83,0,67,73,64
2020-09-22,6.93,0,67,74,64
2020-09-23,6.49,0,67,75,63
2020-09-24,4.47,0,68,81,61
2020-09-25,6.49,0,68,75,64
2020-09-26,4.7,0,69,77,64
2020-09-27,5.59,0,69,74,63
2020-09-28,7.38,0,69,75,65
2020-09-29,7.16,0,68,80,64
2020-09-30,6.71,0,74,92,66
2020-10-01,5.37,0,78,92,67
2020-10-02,5.82,0,76,92,66
2020-10-03,5.14,0,75,86,66
2020-10-04,4.47,0,71,84,62
2020-10-05,6.71,0,71,78,65
2020-10-06,5.82,0,69,84,63
2020-10-07,6.04,0,68,74,63
2020-10-08,8.72,0,68,74,64
2020-10-09,6.49,0,67,73,64
2020-10-10,7.61,0,68,73,65
2020-10-11,6.26,0,67,73,61
2020-10-12,6.49,0,70,80,63
2020-10-13,5.37,0,74,86,65
2020-10-14,4.25,0,73,86,64
2020-10-15,6.04,0,73,82,64
2020-10-16,4.92,0,71,81,63
2020-10-17,6.04,0,71,80,64
2020-10-18,6.04,0,68,74,63
2020-10-19,7.16,0,67,74,63
2020-10-20,6.49,0,67,73,64
2020-10-21,5.14,0,66,71,64
2020-10-22,5.14,0,67,70,65
2020-10-23,6.71,0,67,69,63
2020-10-24,7.61,0,66,70,64
2020-10-25,9.62,0,65,69,59
2020-10-26,6.49,0,63,75,57
2020-10-27,6.71,0,64,76,52
2020-10-28,6.93,0,64,74,54
2020-10-29,5.37,0,63,73,55
2020-10-30,5.14,0,64,76,53
2020-10-31,3.8,0,63,75,54
2020-11-01,5.14,0,64,76,55
2020-11-02,4.25,0,63,69,58
2020-11-03,4.92,0,62,72,57
2020-11-04,4.92,0,64,72,56
2020-11-05,3.36,0,68,88,58
2020-11-06,10.74,0,68,74,58
2020-11-07,17.22,0.1,59,62,52
2020-11-08,19.46,0,56,61,48
2020-11-09,5.59,0,54,62,45
2020-11-10,6.04,0,54,64,46
2020-11-11,5.82,0,55,64,46
2020-11-12,6.26,0,56,67,47
2020-11-13,6.26,0,56,65,48
2020-11-14,5.82,0,57,65,50
2020-11-15,4.25,0,62,82,51
2020-11-16,6.26,0,71,91,58
2020-11-17,5.82,0,64,75,54
2020-11-18,8.5,0,58,64,54
2020-11-19,5.59,0,59,62,52
2020-11-20,3.58,0,57,67,50
2020-11-21,3.58,0,60,71,52
2020-11-22,4.47,0,59,68,48
2020-11-23,4.03,0,56,62,49
2020-11-24,5.59,0,58,67,52
2020-11-25,5.37,0,57,63,50
2020-11-26,4.47,0,57,65,50
2020-11-27,5.37,0,58,67,43
2020-11-28,4.47,0,59,72,48
2020-11-29,5.14,0,59,74,48
2020-11-30,4.7,0,60,76,49
2020-12-01,4.92,0,59,72,48
2020-12-02,3.8,0,60,78,47
2020-12-03,3.8,0,61,75,49
2020-12-04,4.7,0,61,72,48
2020-12-05,4.92,0,56,71,46
2020-12-06,4.47,0,56,68,43
2020-12-07,2.91,0,56,75,46
2020-12-08,3.8,0,68,82,54
2020-12-09,5.82,0,64,70,53
2020-12-10,4.7,0,57,64,48
2020-12-11,4.92,0,56,62,51
2020-12-12,5.14,0,54,65,47
2020-12-13,8.28,0,59,69,49
2020-12-14,10.07,0,60,67,53
2020-12-15,5.37,0,57,68,46
2020-12-16,5.14,0,58,71,49
2020-12-17,6.93,0.01,56,62,49
2020-12-18,4.7,0,56,65,48
2020-12-19,4.7,0,57,70,46
2020-12-20,4.92,0,60,77,48
2020-12-21,6.04,0,63,80,53
2020-12-22,5.14,0,59,68,50
2020-12-23,4.7,0,56,67,49
2020-12-24,6.93,0.01,60,63,54
2020-12-25,5.59,0,60,75,49
2020-12-26,4.47,0,56,65,45
2020-12-27,5.82,0,57,64,52
2020-12-28,7.38,1.63,53,55,45
2020-12-29,6.71,0,49,65,42
2020-12-30,4.03,0,56,68,43
2020-12-31,8.5,0,54,68,43
2021-01-01,3.8,0,57,67,43
2021-01-02,4.92,0,54,63,46
2021-01-03,5.14,0,54,62,49
2021-01-04,5.37,0,54,59,48
2021-01-05,4.47,0,54,57,50
2021-01-06,3.58,0,54,66,48
2021-01-07,2.91,0,55,67,43
2021-01-08,6.04,0,52,67,45
2021-01-09,5.82,0,59,71,45
2021-01-10,4.47,0,60,70,48
2021-01-11,3.8,0,58,72,48
2021-01-12,5.14,0,59,71,50
2021-01-13,3.36,0,58,73,49
2021-01-14,4.03,0,60,79,48
2021-01-15,3.8,0,66,87,51
2021-01-16,4.47,0,67,82,55
2021-01-17,4.7,0,67,85,55
2021-01-18,5.82,0,63,77,51
2021-01-19,9.4,0,59,72,54
2021-01-20,4.92,0,65,77,55
2021-01-21,4.92,0,63,70,54
2021-01-22,10.51,0,57,61,52
2021-01-23,5.59,0.18,52,54,47
2021-01-24,8.5,0,49,57,42
2021-01-25,16.55,0.16,52,54,45
2021-01-26,6.04,0,49,56,43
2021-01-27,8.72,0,51,58,47
2021-01-28,8.28,0.89,53,63,44
2021-01-29,6.71,0.68,53,56,47
2021-01-30,5.82,0,50,59,43
2021-01-31,5.82,0,56,70,47
2021-02-01,6.49,0,61,69,56
2021-02-02,6.26,0,58,64,53
2021-02-03,6.71,0,55,61,49
2021-02-04,5.59,0,56,62,51
2021-02-05,4.92,0,55,62,47
2021-02-06,4.7,0,55,63,46
2021-02-07,5.14,0,54,63,46
2021-02-08,5.37,0,53,60,51
2021-02-09,6.71,0,55,59,53
2021-02-10,4.92,0,55,59,51
2021-02-11,5.82,0,54,63,47
2021-02-12,10.51,0.02,57,64,53
2021-02-13,8.28,0,56,61,51
2021-02-14,15.43,0,60,69,56
2021-02-15,5.37,0,57,64,49
2021-02-16,11.41,0,56,63,52
2021-02-17,9.84,0,58,68,47
2021-02-18,6.71,0,59,67,48
2021-02-19,5.37,0,56,66,46
2021-02-20,10.07,0,56,67,47
2021-02-21,4.92,0,60,71,44
2021-02-22,4.92,0,61,81,49
2021-02-23,5.59,0,62,74,50
2021-02-24,6.04,0,59,70,50
2021-02-25,4.92,0,58,72,49
2021-02-26,4.7,0,59,69,47
2021-02-27,10.07,0,57,73,47
2021-02-28,5.14,0,60,72,48
2021-03-01,8.5,0,61,75,52
2021-03-02,5.82,0,59,74,48
2021-03-03,7.83,0.13,52,58,45
2021-03-04,7.38,0,54,63,44
2021-03-05,7.61,0,57,72,48
2021-03-06,6.49,0,57,65,48
2021-03-07,5.14,0,56,60,52
2021-03-08,8.95,0,58,63,52
2021-03-09,12.3,0,55,61,47
2021-03-10,9.4,0.7,53,57,47
2021-03-11,8.05,0.19,50,56,44
2021-03-12,7.16,0,50,57,42
2021-03-13,7.38,0,52,59,44
2021-03-14,9.4,0,55,61,52
2021-03-15,17.22,0.3,53,57,47
2021-03-16,7.16,0,51,57,44
2021-03-17,6.93,0,52,60,44
2021-03-18,7.16,0,54,60,50
2021-03-19,8.28,0,56,65,49
2021-03-20,7.38,0,57,64,53
2021-03-21,10.29,0,57,64,48
2021-03-22,7.83,0,58,65,47
2021-03-23,12.75,0,56,64,50
2021-03-24,13.87,0,63,71,54
2021-03-25,11.63,0,56,61,49
2021-03-26,7.83,0,54,61,46
2021-03-27,6.71,0,57,73,48
2021-03-28,7.83,0,61,80,50
2021-03-29,5.82,0,60,70,51
2021-03-30,7.38,0,59,67,53
2021-03-31,4.92,0,64,84,53
2021-04-01,6.93,0,70,85,57
2021-04-02,7.61,0,63,73,52
2021-04-03,6.71,0,56,61,53
2021-04-04,6.04,0,58,67,51
2021-04-05,7.83,0,58,64,52
2021-04-06,7.16,0,58,65,52
2021-04-07,5.59,0,60,68,54
2021-04-08,6.71,0,60,67,54
2021-04-09,7.61,0,60,68,53
2021-04-10,5.82,0,60,66,54
2021-04-11,6.71,0,60,68,54
2021-04-12,8.72,0,60,65,57
2021-04-13,9.17,0,58,62,56
2021-04-14,9.4,0,57,61,52
2021-04-15,7.83,0,56,63,48
2021-04-16,7.61,0,58,65,54
2021-04-17,6.71,0,59,66,52
2021-04-18,9.62,0,66,87,53
2021-04-19,7.38,0,65,77,54
2021-04-20,6.26,0,61,69,54
2021-04-21,9.17,0,59,63,57
2021-04-22,10.07,0,58,63,57
2021-04-23,7.83,0,58,62,56
2021-04-24,9.17,0,58,62,55
2021-04-25,11.18,0,58,64,54
2021-04-26,14.32,0,58,64,54
2021-04-27,9.4,0,57,63,53
2021-04-28,9.4,0,61,74,52
2021-04-29,6.93,0,66,77,56
2021-04-30,6.71,0,67,80,57
2021-05-01,6.26,0,62,67,56
2021-05-02,7.61,0,61,66,58
2021-05-03,7.38,0,61,66,57
2021-05-04,7.16,0,63,69,58
2021-05-05,6.71,0,62,68,57
2021-05-06,7.61,0,60,67,57
2021-05-07,7.61,0,60,66,58
2021-05-08,6.71,0,62,68,57
2021-05-09,7.16,0,63,69,59
2021-05-10,7.83,0,62,65,60
2021-05-11,9.17,0,62,67,60
2021-05-12,8.95,0,62,65,59
2021-05-13,9.4,0,60,64,58
2021-05-14,8.05,0,61,66,58
2021-05-15,8.95,0,61,68,58
2021-05-16,8.05,0,59,63,55
2021-05-17,9.62,0,61,66,58
2021-05-18,6.93,0,61,67,58
2021-05-19,8.5,0,62,69,57
2021-05-20,8.72,0,62,67,56
2021-05-21,12.97,0,61,70,54
2021-05-22,8.28,0,58,64,51
2021-05-23,7.83,0,59,65,54
2021-05-24,6.93,0,62,71,55
2021-05-25,6.71,0,67,75,59
2021-05-26,8.72,0,66,74,60
2021-05-27,8.72,0,63,69,57
2021-05-28,7.61,0,61,67,56
2021-05-29,7.61,0,60,67,57
2021-05-30,6.49,0,61,67,58
2021-05-31,7.16,0,62,68,60
2021-06-01,7.61,0,62,66,58
2021-06-02,7.61,0,59,63,57
2021-06-03,8.05,0,61,68,58
2021-06-04,6.93,0,63,69,59
2021-06-05,7.83,0,63,69,59
2021-06-06,7.38,0,63,69,60
2021-06-07,7.61,0,62,69,59
2021-06-08,8.72,0,63,70,59
2021-06-09,11.63,0,63,70,59
2021-06-10,10.29,0,63,71,56
2021-06-11,6.71,0,64,72,57
2021-06-12,6.49,0,66,74,58
2021-06-13,9.4,0,65,72,59
2021-06-14,7.83,0,66,74,61
2021-06-15,6.04,0,69,79,62
2021-06-16,6.93,0,70,80,64
2021-06-17,6.26,0,68,74,62
2021-06-18,7.38,0,66,71,60
2021-06-19,7.38,0,65,69,61
2021-06-20,7.61,0,63,69,60
2021-06-21,9.84,0,65,70,61
2021-06-22,9.62,0,64,70,60
2021-06-23,10.07,0,65,71,61
2021-06-24,10.51,0,64,69,61
2021-06-25,7.61,0,64,70,61
2021-06-26,8.05,0,65,70,61
2021-06-27,6.93,0,66,71,61
2021-06-28,7.16,0,67,72,64
2021-06-29,6.71,0,68,74,64
2021-06-30,6.71,0,67,73,64
2021-07-01,8.95,0,67,73,63
2021-07-02,7.38,0,66,70,63
2021-07-03,8.95,0,65,70,62
2021-07-04,8.95,0,66,71,60
2021-07-05,8.72,0,64,70,60
2021-07-06,7.38,0,65,72,62
2021-07-07,7.16,0,66,71,62
2021-07-08,6.71,0,68,74,64
2021-07-09,8.05,0,70,75,66
2021-07-10,6.93,0,70,77,65
2021-07-11,6.93,0,69,77,65
2021-07-12,7.61,0,70,75,67
2021-07-13,8.28,0,69,74,66
2021-07-14,7.38,0,69,76,66
2021-07-15,8.28,0,69,76,64
2021-07-16,8.5,0,68,73,65
2021-07-17,8.05,0,68,75,64
2021-07-18,8.72,0,69,79,65
2021-07-19,8.28,0,71,76,66
2021-07-20,8.05,0,69,74,65
2021-07-21,7.83,0,69,78,64
2021-07-22,6.71,0,71,77,67
2021-07-23,7.61,0,70,76,65
2021-07-24,7.83,0,68,73,65
2021-07-25,8.28,0,67,73,65
2021-07-26,8.5,0.12,67,73,65
2021-07-27,10.96,0,66,70,64
2021-07-28,8.95,0,67,72,63
2021-07-29,8.95,0,67,72,62
2021-07-30,9.17,0,65,70,61
2021-07-31,9.4,0,65,69,61
2021-08-01,8.05,0,67,74,62
2021-08-02,7.61,0,68,78,63
2021-08-03,7.83,0,68,75,63
2021-08-04,8.28,0,67,73,63
2021-08-05,6.71,0,68,73,64
2021-08-06,7.83,0,68,73,64
2021-08-07,8.05,0,67,74,64
2021-08-08,7.16,0,67,72,64
2021-08-09,8.28,0,67,74,63
2021-08-10,8.95,0,67,73,62
2021-08-11,7.83,0,68,76,64
2021-08-12,7.16,0,71,79,66
2021-08-13,6.93,0,71,80,66
2021-08-14,8.95,0,69,75,65
2021-08-15,7.61,0,69,76,65
2021-08-16,7.16,0,71,79,66
2021-08-17,7.61,0,72,78,68
2021-08-18,8.28,0.02,72,76,68
2021-08-19,9.84,0,71,78,67
2021-08-20,9.62,0,70,76,67
2021-08-21,8.72,0,69,75,65
2021-08-22,9.62,0,69,74,66
2021-08-23,8.05,0,69,76,64
2021-08-24,10.07,0,68,74,63
2021-08-25,8.05,0,68,75,64
2021-08-26,7.16,0,71,79,64
2021-08-27,7.38,0,69,77,62
2021-08-28,7.38,0,66,72,61
2021-08-29,9.62,0,65,70,61
2021-08-30,6.71,0,67,73,64
2021-08-31,6.93,0,67,72,65
2021-09-01,8.28,0,69,76,66
2021-09-02,9.17,0,69,75,64
2021-09-03,7.16,0,66,71,64
2021-09-04,6.71,0,68,77,62
2021-09-05,7.61,0,70,82,62
2021-09-06,7.38,0,73,80,68
2021-09-07,7.16,0,72,78,67
2021-09-08,8.95,0,69,76,63
2021-09-09,8.5,0,68,87,63
2021-09-10,8.28,0,68,74,63
2021-09-11,8.05,0,71,80,65
2021-09-12,8.72,0,69,74,60
2021-09-13,6.93,0,64,69,59
2021-09-14,6.49,0,64,72,59
2021-09-15,8.72,0,65,70,61
2021-09-16,8.5,0,65,71,61
2021-09-17,7.38,0,65,72,62
2021-09-18,9.4,0,65,71,62
2021-09-19,5.82,0,65,71,60
2021-09-20,6.49,0,68,79,61
2021-09-21,6.93,0,71,82,64
2021-09-22,8.95,0,71,77,65
2021-09-23,8.05,0,68,71,61
2021-09-24,7.61,0,64,70,60
2021-09-25,9.17,0,65,69,61
2021-09-26,5.82,0,64,67,63
2021-09-27,5.82,0,64,68,63
2021-09-28,7.38,0,66,71,63
2021-09-29,6.71,0,66,72,61
2021-09-30,5.37,0,68,80,60
2021-10-01,6.93,0,71,88,60
2021-10-02,6.49,0,69,83,59
2021-10-03,6.49,0,73,89,59
2021-10-04,6.93,0.03,72,83,63
2021-10-05,10.07,0.02,71,77,65
2021-10-06,7.38,0,67,71,63
2021-10-07,6.26,0,66,69,64
2021-10-08,9.4,0.01,65,69,60
2021-10-09,6.93,0,64,70,57
2021-10-10,6.26,0,65,76,56
2021-10-11,10.07,0,64,70,56
2021-10-12,9.84,0,65,71,56
2021-10-13,6.93,0,62,71,53
2021-10-14,6.04,0,62,73,53
2021-10-15,5.59,0,69,89,57
2021-10-16,5.82,0,73,89,58
2021-10-17,7.83,0,66,72,56
2021-10-18,9.17,0,62,66,55
2021-10-19,7.16,0,60,67,53
2021-10-20,6.26,0,61,68,54
2021-10-21,6.04,0,61,71,53
2021-10-22,6.04,0,60,65,58
2021-10-23,6.26,0.01,63,68,60
2021-10-24,6.49,0,62,69,58
2021-10-25,8.95,0.39,61,63,55
2021-10-26,6.71,0,60,68,52
2021-10-27,4.92,0,64,80,54
2021-10-28,5.59,0,70,86,59
2021-10-29,5.82,0,70,78,59
2021-10-30,6.04,0,62,69,58
2021-10-31,5.82,0,62,66,55
2021-11-01,7.16,0,59,64,53
2021-11-02,5.82,0,60,65,56
2021-11-03,4.92,0,60,65,58
2021-11-04,5.37,0,60,64,57
2021-11-05,5.37,0,59,66,56
2021-11-06,5.82,0,59,62,56
2021-11-07,5.37,0,58,62,56
2021-11-08,6.04,0,60,68,56
2021-11-09,7.38,0,61,66,56
2021-11-10,5.14,0,62,71,59
2021-11-11,2.91,0,68,84,57
2021-11-12,3.8,0,75,91,62
2021-11-13,4.92,0,77,91,64
2021-11-14,6.26,0,71,86,59
2021-11-15,5.14,0,66,76,57
2021-11-16,5.37,0,59,63,57
2021-11-17,6.49,0,60,66,56
2021-11-18,5.59,0,59,64,53
2021-11-19,5.82,0,60,65,58
2021-11-20,3.8,0,59,62,57
2021-11-21,3.13,0,64,88,51
2021-11-22,6.49,0,73,85,57
2021-11-23,6.04,0,67,71,58
2021-11-24,6.49,0,61,71,54
2021-11-25,3.8,0,65,77,51
2021-11-26,4.47,0,64,76,51
2021-11-27,5.37,0,63,78,50
2021-11-28,5.37,0,61,71,50
2021-11-29,3.58,0,61,73,53
2021-11-30,3.8,0,58,61,53
2021-12-01,5.37,0,57,66,51
2021-12-02,4.03,0,56,62,54
2021-12-03,6.71,0,57,61,55
2021-12-04,5.82,0,58,62,53
2021-12-05,3.58,0,57,63,51
2021-12-06,4.92,0,56,64,48
2021-12-07,4.92,0.01,60,65,56
2021-12-08,6.49,0,59,66,52
2021-12-09,11.41,0.03,58,59,54
2021-12-10,4.92,0,56,64,46
2021-12-11,6.04,0,57,70,48
2021-12-12,5.82,0,55,63,46
2021-12-13,6.93,0,54,61,47
2021-12-14,15.21,1.29,56,61,46
2021-12-15,5.37,0,49,57,40
2021-12-16,5.59,0.11,50,57,42
2021-12-17,4.25,0,55,65,50
2021-12-18,5.37,0,57,69,46
2021-12-19,4.03,0,54,64,44
2021-12-20,4.03,0,53,65,44
2021-12-21,4.25,0,58,69,52
2021-12-22,4.25,0,57,65,50
2021-12-23,10.51,1.48,57,58,52
2021-12-24,9.17,0.31,56,61,53
2021-12-25,7.38,0.21,55,57,52
2021-12-26,9.17,0.17,53,58,48
2021-12-27,10.51,0.29,50,55,44
2021-12-28,7.61,0.02,52,55,47
2021-12-29,6.93,1.2,50,56,45
2021-12-30,9.84,3.12,53,56,52
2021-12-31,7.61,0,55,59,47
2022-01-01,6.26,0,55,61,49
2022-01-02,7.16,0,54,66,45
2022-01-03,6.04,0,53,60,44
2022-01-04,4.92,0,52,60,44
2022-01-05,3.8,0,54,65,45
2022-01-06,3.8,0,56,66,47
2022-01-07,4.25,0,53,57,51
2022-01-08,5.37,0,56,61,51
2022-01-09,4.92,0,57,75,46
2022-01-10,5.82,0,61,74,48
2022-01-11,4.47,0,65,79,54
2022-01-12,4.92,0,64,80,50
2022-01-13,5.14,0,62,69,56
2022-01-14,3.36,0,61,71,53
2022-01-15,4.92,0.01,61,70,56
2022-01-16,4.92,0,65,74,60
2022-01-17,5.82,0.08,62,65,58
2022-01-18,6.04,0,60,63,56
2022-01-19,5.59,0,58,62,52
2022-01-20,4.92,0,59,75,48
2022-01-21,6.93,0,58,69,49
2022-01-22,7.16,0,65,74,57
2022-01-23,4.03,0,64,73,50
2022-01-24,5.14,0,60,69,48
2022-01-25,4.92,0,56,65,50
2022-01-26,5.14,0,56,72,46
2022-01-27,6.04,0,57,70,47
2022-01-28,5.37,0,59,75,47
2022-01-29,4.92,0,62,71,51
2022-01-30,5.82,0,58,69,45
2022-01-31,4.03,0,55,64,47
2022-02-01,5.37,0,57,63,52
2022-02-02,5.82,0,56,65,45
2022-02-03,4.92,0,56,66,45
2022-02-04,3.8,0,56,69,47
2022-02-05,4.92,0,58,71,43
2022-02-06,3.8,0,58,72,45
2022-02-07,4.7,0,63,78,47
2022-02-08,5.37,0,64,79,52
2022-02-09,3.8,0,65,85,52
2022-02-10,6.71,0,71,82,55
2022-02-11,5.14,0,67,81,53
2022-02-12,5.82,0,68,89,52
2022-02-13,7.38,0,70,85,60
2022-02-14,6.49,0,63,73,53
2022-02-15,11.63,0.01,58,62,53
2022-02-16,7.83,0,56,65,46
2022-02-17,6.49,0,58,71,49
2022-02-18,6.26,0,60,72,49
2022-02-19,6.49,0,60,69,49
2022-02-20,6.04,0,57,63,49
2022-02-21,8.5,0,56,60,54
2022-02-22,17.22,0.03,56,61,47
2022-02-23,11.18,0,51,57,46
2022-02-24,8.05,0,51,61,39
2022-02-25,6.93,0,53,62,42
2022-02-26,5.37,0,56,67,45
2022-02-27,5.82,0,60,76,48
2022-02-28,3.8,0,63,82,49
2022-03-01,6.04,0,65,80,51
2022-03-02,5.82,0,64,78,52
2022-03-03,6.26,0,60,67,53
2022-03-04,12.97,0,59,65,52
2022-03-05,17.9,0,56,60,51
2022-03-06,6.04,0,54,62,44
2022-03-07,6.49,0,55,67,45
2022-03-08,6.71,0,58,70,46
2022-03-09,6.49,0,58,66,48
2022-03-10,6.93,0,58,64,53
2022-03-11,6.71,0,60,72,49
2022-03-12,8.05,0,62,74,50
2022-03-13,6.93,0,59,67,50
2022-03-14,7.38,0,60,69,54
2022-03-15,6.49,0,60,68,53
2022-03-16,9.4,0,61,72,53
2022-03-17,9.4,0,66,78,55
2022-03-18,6.49,0,63,72,53
2022-03-19,8.72,0.01,61,66,56
2022-03-20,15.88,0,60,72,55
2022-03-21,6.93,0,62,71,53
2022-03-22,6.71,0,64,78,55
2022-03-23,7.61,0,69,84,59
2022-03-24,7.61,0,64,70,56
2022-03-25,7.38,0,59,69,54
2022-03-26,6.04,0,59,64,55
2022-03-27,8.95,0,59,68,57
2022-03-28,9.4,1.02,58,62,55
2022-03-29,7.38,0.07,57,63,52
2022-03-30,7.38,0,59,65,54
2022-03-31,6.49,0,59,63,57
2022-04-01,8.05,0,59,65,54
2022-04-02,8.95,0,59,64,56
2022-04-03,12.3,0,60,65,56
2022-04-04,6.49,0,59,64,56
2022-04-05,5.82,0,62,74,54
2022-04-06,6.49,0,66,74,58
2022-04-07,4.7,0,74,95,61
2022-04-08,7.38,0,80,97,64
2022-04-09,7.38,0,71,78,62
2022-04-10,8.05,0,64,69,60
2022-04-11,12.3,0,63,68,55
2022-04-12,18.12,0,59,67,53
2022-04-13,11.86,0,60,67,55
2022-04-14,9.84,0,59,66,51
2022-04-15,8.28,0,59,67,53
2022-04-16,12.75,0,60,67,56
2022-04-17,9.17,0,59,65,55
2022-04-18,7.16,0,61,69,55
2022-04-19,8.28,0,62,68,57
2022-04-20,9.84,0,61,67,56
2022-04-21,10.29,0.2,59,66,53
2022-04-22,17.22,0.03,60,64,55
2022-04-23,9.4,0,59,69,52
2022-04-24,7.83,0,68,86,56
2022-04-25,6.71,0,70,86,58
2022-04-26,6.71,0,66,75,57
2022-04-27,7.83,0,62,72,56
2022-04-28,9.84,0,61,65,56
2022-04-29,7.83,0,60,68,53
2022-04-30,5.82,0,62,69,56
2022-05-01,7.16,0,62,69,57
2022-05-02,8.5,0,63,68,58
2022-05-03,7.16,0,62,69,59
2022-05-04,6.93,0,63,70,57
2022-05-05,7.38,0,62,68,56
2022-05-06,5.82,0,62,70,56
2022-05-07,8.05,0,65,71,59
2022-05-08,10.07,0,62,66,56
2022-05-09,11.41,0,60,67,54
2022-05-10,10.96,0,59,67,52
2022-05-11,14.99,0,58,65,51
2022-05-12,9.4,0,63,75,54
2022-05-13,7.16,0,67,80,57
2022-05-14,7.16,0,70,81,59
2022-05-15,7.16,0,67,78,59
2022-05-16,8.05,0,63,67,59
2022-05-17,6.93,0,62,68,58
2022-05-18,7.83,0,62,69,58
2022-05-19,6.49,0,62,66,60
2022-05-20,7.38,0,61,65,58
2022-05-21,8.5,0,63,70,59
2022-05-22,9.17,0,62,66,57
2022-05-23,5.82,0,60,67,56
2022-05-24,7.16,0,63,68,60
2022-05-25,7.61,0,64,70,61
2022-05-26,8.95,0,64,70,61
2022-05-27,10.07,0,64,70,61
2022-05-28,8.72,0,63,69,61
2022-05-29,6.26,0,64,71,58
2022-05-30,8.5,0,65,70,59
2022-05-31,7.38,0,65,71,58
2022-06-01,6.71,0,66,74,59
2022-06-02,7.83,0,66,73,61
2022-06-03,7.61,0,65,72,62
2022-06-04,7.61,0,65,69,61
2022-06-05,6.49,0,65,72,61
2022-06-06,8.5,0,68,74,64
2022-06-07,6.49,0,67,73,63
2022-06-08,6.49,0,66,69,63
2022-06-09,6.93,0,66,74,63
2022-06-10,7.16,0,67,74,63
2022-06-11,7.61,0,66,72,63
2022-06-12,6.93,0,66,72,63
2022-06-13,8.05,0.01,67,75,64
2022-06-14,7.38,0,68,76,63
2022-06-15,7.38,0,69,74,64
2022-06-16,8.05,0,68,74,64
2022-06-17,10.51,0,67,72,63
2022-06-18,9.17,0,66,73,60
2022-06-19,8.05,0,67,74,61
2022-06-20,7.61,0,70,80,61
2022-06-21,8.05,0,71,80,63
2022-06-22,10.74,0,66,73,62
2022-06-23,10.07,0,67,73,63
2022-06-24,10.51,0,67,72,61
2022-06-25,8.72,0,65,72,61
2022-06-26,7.38,0,66,72,62
2022-06-27,8.72,0,67,73,62
2022-06-28,7.61,0,68,74,63
2022-06-29,7.61,0,69,79,64
2022-06-30,8.28,0,69,76,64
2022-07-01,7.83,0,68,75,64
2022-07-02,8.72,0,67,73,63
2022-07-03,8.72,0,67,74,62
2022-07-04,8.28,0,67,74,62
2022-07-05,9.62,0,67,75,63
2022-07-06,9.17,0,68,74,64
2022-07-07,8.28,0,69,75,63
2022-07-08,8.05,0,68,74,63
2022-07-09,8.28,0,67,72,63
2022-07-10,7.83,0,68,73,65
2022-07-11,8.5,0,67,72,62
2022-07-12,8.28,0,65,71,62
2022-07-13,10.07,0,65,71,62
2022-07-14,8.05,0,66,72,64
2022-07-15,8.5,0,67,72,63
2022-07-16,8.05,0,67,73,62
2022-07-17,7.61,0,69,85,64
2022-07-18,7.83,0,72,80,66
2022-07-19,8.5,0,69,76,64
2022-07-20,8.05,0,70,77,65
2022-07-21,8.28,0,70,75,65
2022-07-22,6.93,0,69,78,64
2022-07-23,7.83,0,70,77,67
2022-07-24,7.61,0,69,75,66
2022-07-25,8.5,0,69,76,63
2022-07-26,9.17,0,67,75,63
2022-07-27,8.5,0,67,74,64
2022-07-28,6.93,0,68,76,65
2022-07-29,6.93,0,70,77,66
2022-07-30,6.71,0,71,77,67
2022-07-31,7.61,0,73,80,69
2022-08-01,9.62,0,72,78,68
2022-08-02,10.51,0,70,76,66
2022-08-03,8.05,0,70,76,66
2022-08-04,8.5,0,70,77,66
2022-08-05,9.62,0,71,77,65
2022-08-06,8.95,0,69,77,65
2022-08-07,7.16,0,71,82,64
2022-08-08,6.71,0,74,82,68
2022-08-09,7.16,0,75,84,71
2022-08-10,7.61,0,75,84,69
2022-08-11,8.5,0,74,80,68
2022-08-12,8.05,0,72,79,67
2022-08-13,6.71,0,73,82,67
2022-08-14,6.71,0,73,80,68
2022-08-15,6.93,0,71,77,67
2022-08-16,7.61,0,71,76,67
2022-08-17,9.17,0,69,75,65
2022-08-18,9.17,0,67,70,62
2022-08-19,6.04,0,67,75,63
2022-08-20,7.83,0,71,80,68
2022-08-21,8.5,0,71,77,67
2022-08-22,8.05,0,69,74,64
2022-08-23,6.49,0,68,76,64
2022-08-24,5.82,0,71,79,68
2022-08-25,7.83,0,73,80,67
2022-08-26,7.83,0,70,76,66
2022-08-27,7.61,0,71,77,66
2022-08-28,9.17,0,71,76,66
2022-08-29,9.17,0,69,76,66
2022-08-30,8.05,0,70,77,66
2022-08-31,8.05,0,73,84,68
2022-09-01,5.59,0,78,88,70
2022-09-02,6.49,0,78,90,72
2022-09-03,6.71,0,79,92,72
2022-09-04,6.49,0,84,100,77
2022-09-05,6.71,0,82,91,73
2022-09-06,7.38,0,79,86,73
2022-09-07,7.16,0,78,87,72
2022-09-08,7.61,0,79,97,73
2022-09-09,8.5,0.13,87,102,71
2022-09-10,4.92,0,76,81,71
2022-09-11,9.17,0,78,85,75
2022-09-12,9.84,0,78,84,71
2022-09-13,6.49,0,74,80,70
2022-09-14,7.83,0,73,80,68
2022-09-15,8.28,0,71,78,66
2022-09-16,8.05,0,71,78,65
2022-09-17,6.93,0,71,77,65
2022-09-18,10.51,0,70,74,67
2022-09-19,9.62,0,69,77,64
2022-09-20,11.86,0,71,77,66
2022-09-21,10.51,0,71,77,63
2022-09-22,6.71,0,71,80,62
2022-09-23,6.49,0,72,81,63
2022-09-24,8.05,0,74,80,69
2022-09-25,7.61,0,72,78,68
2022-09-26,7.16,0,72,80,68
2022-09-27,6.93,0,73,81,68
2022-09-28,5.82,0,74,83,69
2022-09-29,6.71,0,71,76,67
2022-09-30,6.26,0,70,76,67
2022-10-01,7.16,0,69,75,66
2022-10-02,8.28,0,69,75,66
2022-10-03,5.59,0,68,74,63
2022-10-04,5.14,0,70,77,64
2022-10-05,6.49,0,70,75,66
2022-10-06,6.26,0,69,74,67
2022-10-07,6.26,0,70,75,67
2022-10-08,7.16,0,69,74,66
2022-10-09,7.16,0,68,72,64
2022-10-10,6.49,0,67,75,64
2022-10-11,6.71,0,69,75,66
2022-10-12,8.28,0.19,69,74,66
2022-10-13,6.26,0,67,69,65
2022-10-14,4.92,0,66,69,64
2022-10-15,6.93,0.04,65,71,63
2022-10-16,8.05,0,67,72,63
2022-10-17,6.49,0,67,74,59
2022-10-18,6.04,0,70,82,63
2022-10-19,5.37,0,76,94,65
2022-10-20,6.04,0,78,86,68
2022-10-21,7.16,0,70,76,65
2022-10-22,8.5,0.01,67,69,63
2022-10-23,6.93,0,65,72,59
2022-10-24,7.38,0,65,75,54
2022-10-25,5.59,0,65,74,55
2022-10-26,6.26,0,64,71,58
2022-10-27,6.04,0,64,75,57
2022-10-28,6.04,0,65,74,57
2022-10-29,5.82,0,63,72,55
2022-10-30,5.82,0,65,75,56
2022-10-31,6.04,0,64,75,56
2022-11-01,7.61,0.03,65,71,59
2022-11-02,13.65,0.13,62,67,58
2022-11-03,12.3,0,59,64,53
2022-11-04,6.26,0,58,67,50
2022-11-05,4.92,0,59,66,51
2022-11-06,5.14,0,60,67,53
2022-11-07,7.83,0.07,61,65,57
2022-11-08,11.86,1.44,60,67,54
2022-11-09,8.05,0.1,56,61,52
2022-11-10,4.92,0,56,68,46
2022-11-11,6.04,0,58,71,48
2022-11-12,6.49,0,59,68,49
2022-11-13,10.07,0,58,68,49
2022-11-14,4.92,0,58,69,48
2022-11-15,5.82,0,59,72,48
2022-11-16,5.14,0,60,74,48
2022-11-17,4.92,0,62,75,51
2022-11-18,5.14,0,58,69,47
2022-11-19,3.8,0,60,75,48
2022-11-20,5.82,0,64,77,51
2022-11-21,5.82,0,64,77,52
2022-11-22,5.37,0,62,74,51
2022-11-23,4.03,0,58,70,47
2022-11-24,5.37,0,60,78,47
2022-11-25,6.26,0,63,76,48
2022-11-26,4.7,0,60,71,47
2022-11-27,5.59,0,58,67,49
2022-11-28,6.93,0,59,63,54
2022-11-29,5.14,0,59,66,52
2022-11-30,5.59,0,58,65,49
2022-12-01,5.82,0,57,62,55
2022-12-02,7.61,0.12,56,61,52
2022-12-03,4.92,0,60,68,53
2022-12-04,3.58,0.13,60,64,54
2022-12-05,7.38,0,59,61,52
2022-12-06,6.26,0,56,61,49
2022-12-07,5.37,0,54,60,45
2022-12-08,5.82,0,54,60,44
2022-12-09,4.47,0,53,62,44
2022-12-10,6.71,0,55,63,48
2022-12-11,16.78,0.67,58,59,52
2022-12-12,6.71,0.36,51,57,46
2022-12-13,5.82,0,52,59,45
2022-12-14,5.37,0,52,59,43
2022-12-15,4.47,0,53,61,47
2022-12-16,5.14,0,58,69,50
2022-12-17,6.04,0,58,66,47
2022-12-18,5.82,0,55,64,46
2022-12-19,4.47,0,54,65,43
2022-12-20,4.47,0,55,63,48
2022-12-21,4.7,0,56,66,44
2022-12-22,4.47,0,58,69,48
2022-12-23,4.25,0,57,66,45
2022-12-24,3.36,0,58,76,49
2022-12-25,4.25,0,65,83,54
2022-12-26,3.8,0,64,78,52
2022-12-27,4.7,0.49,60,64,53
2022-12-28,4.47,0.01,57,63,53
2022-12-29,4.47,0,58,60,55
2022-12-30,4.25,0.05,57,60,56
2022-12-31,9.62,0.96,58,60,57
2023-01-01,14.32,0.1,58,61,54
2023-01-02,5.59,0.03,54,58,46
2023-01-03,12.3,0.05,53,58,50
2023-01-04,10.51,0.54,58,61,57
2023-01-05,12.97,1.07,58,62,55
2023-01-06,4.7,0,55,62,46
2023-01-07,4.92,0,57,68,48
2023-01-08,4.7,0,56,63,48
2023-01-09,11.18,1.04,57,60,53
2023-01-10,12.08,0.65,59,62,54
2023-01-11,4.25,0,55,61,47
2023-01-12,6.71,0,58,72,51
2023-01-13,4.7,0,60,64,52
2023-01-14,9.17,1.53,55,59,52
2023-01-15,10.29,0.48,57,59,50
2023-01-16,19.69,0.49,54,59,50
2023-01-17,7.61,0,53,58,47
2023-01-18,5.14,0,53,60,45
2023-01-19,4.7,0,52,57,43
2023-01-20,5.37,0,52,59,42
2023-01-21,4.47,0,53,62,41
2023-01-22,5.59,0,51,60,41
2023-01-23,6.71,0,56,68,47
2023-01-24,4.47,0,54,65,41
2023-01-25,4.25,0,54,69,43
2023-01-26,5.37,0,57,68,46
2023-01-27,4.47,0,57,67,45
2023-01-28,5.37,0,55,63,47
2023-01-29,8.5,0.28,55,57,49
2023-01-30,6.93,0.4,52,59,48
2023-01-31,3.58,0,53,67,43
2023-02-01,4.92,0,54,65,41
2023-02-02,4.92,0,54,67,44
2023-02-03,5.59,0,58,67,50
2023-02-04,5.82,0,56,66,46
2023-02-05,11.18,0.01,57,63,50
2023-02-06,10.07,0,58,71,53
2023-02-07,4.47,0,59,67,47
2023-02-08,4.92,0,59,71,47
2023-02-09,4.25,0,60,76,48
2023-02-10,6.71,0,65,78,52
2023-02-11,8.95,0,57,60,49
2023-02-12,6.04,0,52,59,45
2023-02-13,6.49,0,54,63,48
2023-02-14,12.75,0,56,59,49
2023-02-15,10.51,0,53,62,46
2023-02-16,5.14,0,53,63,41
2023-02-17,6.04,0,55,68,47
2023-02-18,6.93,0,57,68,47
2023-02-19,4.92,0,54,66,43
2023-02-20,6.26,0,57,68,46
2023-02-21,12.53,0,57,63,49
2023-02-22,26.17,0,53,57,48
2023-02-23,8.5,0.28,49,53,41
2023-02-24,16.11,2.04,49,56,46
2023-02-25,9.17,1.77,50,54,43
2023-02-26,6.26,0.08,46,55,41
2023-02-27,7.61,0.2,50,54,46
2023-02-28,9.84,0.2,52,57,46
2023-03-01,18.57,0.09,53,55,49
2023-03-02,6.49,0,52,60,44
2023-03-03,5.82,0,52,59,44
2023-03-04,8.72,0,53,59,46
2023-03-05,7.83,0.06,53,58,50
2023-03-06,8.72,0,54,59,49
2023-03-07,7.38,0,53,59,46
2023-03-08,6.71,0,52,58,44
2023-03-09,6.49,0,55,62,48
2023-03-10,8.72,0.97,55,57,51
2023-03-11,5.82,0.14,58,61,57
2023-03-12,6.71,0,58,62,55
2023-03-13,7.16,0,56,62,54
2023-03-14,8.95,1.97,56,59,55
2023-03-15,8.05,1.18,57,59,54
2023-03-16,6.04,0,56,60,53
2023-03-17,6.26,0,55,62,48
2023-03-18,6.04,0,60,75,50
2023-03-19,7.61,0.06,60,61,53
2023-03-20,8.5,0.07,56,61,53
2023-03-21,14.09,1.01,54,60,48
2023-03-22,9.62,0.18,53,59,48
2023-03-23,10.51,0,54,60,51
2023-03-24,14.32,0,57,63,53
2023-03-25,10.29,0,56,65,49
2023-03-26,14.32,0,57,64,51
2023-03-27,7.61,0,58,72,47
2023-03-28,6.71,0,60,68,52
2023-03-29,10.51,0.98,54,59,48
2023-03-30,6.93,0.71,52,59,46
2023-03-31,8.05,0,53,61,45
2023-04-01,6.93,0,56,66,48
2023-04-02,7.61,0,56,62,49
2023-04-03,14.09,0.01,57,62,52
2023-04-04,14.32,0,55,61,49
2023-04-05,8.05,0,55,65,47
2023-04-06,7.61,0,59,70,49
2023-04-07,7.83,0,59,68,52
2023-04-08,7.61,0,57,65,51
2023-04-09,6.04,0,56,62,52
2023-04-10,4.92,0,56,63,53
2023-04-11,6.26,0,56,61,53
2023-04-12,6.71,0.02,56,60,54
2023-04-13,6.71,0.06,55,60,53
2023-04-14,7.83,0,56,63,53
2023-04-15,8.05,0,57,64,49
2023-04-16,7.38,0,56,61,52
2023-04-17,7.38,0,58,64,55
2023-04-18,9.4,0,58,65,53
2023-04-19,8.28,0,57,65,49
2023-04-20,6.71,0,61,73,52
2023-04-21,7.38,0,67,82,56
2023-04-22,7.38,0,67,81,57
2023-04-23,7.83,0,63,69,57
2023-04-24,7.38,0,61,67,57
2023-04-25,8.72,0,61,67,57
2023-04-26,8.5,0,60,65,54
2023-04-27,6.71,0,57,63,54
2023-04-28,7.61,0,56,63,54
2023-04-29,7.16,0,57,63,54
2023-04-30,5.82,0,57,63,56
2023-05-01,9.4,0.04,59,64,54
2023-05-02,11.41,0,58,64,53
2023-05-03,8.28,0,57,64,49
2023-05-04,8.28,0.13,58,64,53
2023-05-05,8.28,0.08,59,66,55
2023-05-06,10.29,0,59,66,51
2023-05-07,8.5,0,60,67,55
2023-05-08,9.62,0,61,67,57
2023-05-09,11.41,0,59,66,55
2023-05-10,8.05,0,59,66,53
2023-05-11,8.28,0,60,66,54
2023-05-12,7.16,0,60,68,54
2023-05-13,5.82,0,60,66,57
2023-05-14,7.61,0,61,70,58
2023-05-15,6.93,0,61,66,58
2023-05-16,8.5,0,60,66,56
2023-05-17,7.16,0,59,64,56
2023-05-18,6.04,0,61,70,58
2023-05-19,6.04,0,61,64,59
2023-05-20,7.83,0,62,67,59
2023-05-21,7.16,0,61,67,59
2023-05-22,5.59,0,61,64,59
2023-05-23,5.37,0.02,60,61,58
2023-05-24,6.04,0,60,65,57
2023-05-25,8.72,0.01,61,65,59
2023-05-26,12.08,0,62,68,58
2023-05-27,10.51,0,61,67,58
2023-05-28,6.93,0,61,64,59
2023-05-29,9.4,0,62,68,61
2023-05-30,12.53,0,62,66,60
2023-05-31,8.28,0,62,68,59
2023-06-01,7.38,0,62,65,60
2023-06-02,11.86,0,63,69,59
2023-06-03,8.5,0,62,69,58
2023-06-04,7.61,0,61,67,59
2023-06-05,6.04,0,61,66,58
2023-06-06,6.71,0,61,65,57
2023-06-07,7.83,0,62,67,59
2023-06-08,10.96,0,62,69,56
2023-06-09,8.72,0,62,68,58
2023-06-10,6.93,0.01,63,68,61
2023-06-11,8.05,0,63,69,60
2023-06-12,10.51,0,63,70,60
2023-06-13,10.74,0,63,69,60
2023-06-14,7.61,0,62,65,59
2023-06-15,7.38,0,63,67,61
2023-06-16,10.29,0,64,70,61
2023-06-17,8.72,0,64,69,61
2023-06-18,7.61,0,63,68,61
2023-06-19,7.38,0,64,71,61
2023-06-20,6.71,0,65,71,59
2023-06-21,7.61,0,65,72,59
2023-06-22,9.17,0,64,70,59
2023-06-23,10.51,0,63,70,58
2023-06-24,8.72,0,63,72,56
2023-06-25,8.95,0,63,70,57
2023-06-26,8.28,0,63,69,58
2023-06-27,8.05,0,64,69,59
2023-06-28,7.16,0,63,70,59
2023-06-29,8.28,0,64,71,58
2023-06-30,6.93,0,62,69,57
2023-07-01,6.93,0,64,70,60
2023-07-02,7.61,0,63,69,58
2023-07-03,7.16,0,61,69,58
2023-07-04,8.05,0,62,69,58
2023-07-05,8.95,0,63,69,59
2023-07-06,7.38,0,63,70,60
2023-07-07,8.28,0,64,70,60
2023-07-08,7.38,0,65,71,60
2023-07-09,8.28,0,65,72,60
2023-07-10,7.38,0,65,73,60
2023-07-11,7.61,0,65,71,60
2023-07-12,8.28,0,66,76,59
2023-07-13,7.61,0,69,76,63
2023-07-14,7.16,0,69,77,62
2023-07-15,7.38,0,67,73,62
2023-07-16,7.16,0,68,75,64
2023-07-17,8.5,0,68,76,64
2023-07-18,9.17,0,69,76,64
2023-07-19,8.72,0,69,75,65
2023-07-20,8.05,0,70,76,65
2023-07-21,7.61,0,69,73,63
2023-07-22,7.16,0,67,74,63
2023-07-23,7.38,0,69,81,65
2023-07-24,8.72,0,69,74,65
2023-07-25,7.61,0,69,77,64
2023-07-26,7.38,0,73,82,66
2023-07-27,6.93,0,73,80,67
2023-07-28,6.49,0,72,78,67
2023-07-29,6.71,0,71,79,67
2023-07-30,6.49,0,72,80,67
2023-07-31,6.93,0,74,84,69
2023-08-01,8.05,0,73,79,68
2023-08-02,8.28,0,71,77,65
2023-08-03,8.72,0,69,75,63
2023-08-04,7.61,0,69,76,63
2023-08-05,6.49,0,70,76,64
2023-08-06,6.04,0,70,76,64
2023-08-07,5.82,0,70,77,65
2023-08-08,6.71,0,70,79,64
2023-08-09,7.83,0,70,75,66
2023-08-10,7.38,0,69,79,66
2023-08-11,9.62,0,69,75,67
2023-08-12,8.05,0,70,76,67
2023-08-13,7.38,0,70,75,66
2023-08-14,9.17,0,69,74,65
2023-08-15,8.95,0,67,73,64
2023-08-16,9.84,0.02,68,74,64
2023-08-17,9.17,0,67,71,63
2023-08-18,8.5,0,67,73,63
2023-08-19,5.82,0,68,75,63
2023-08-20,8.28,2.03,72,77,66
2023-08-21,10.51,0.52,69,76,65
2023-08-22,8.05,0,70,76,64
2023-08-23,7.61,0,70,74,64
2023-08-24,9.4,0,67,72,64
2023-08-25,8.72,0,67,73,63
2023-08-26,8.28,0,68,75,63
2023-08-27,6.93,0,70,77,64
2023-08-28,6.04,0,73,85,66
2023-08-29,6.71,0,73,82,66
2023-08-30,5.59,0,74,83,67
2023-08-31,5.59,0,71,76,65
2023-09-01,8.5,0,72,81,67
2023-09-02,6.71,0.02,71,78,67
2023-09-03,10.51,0,72,77,66
2023-09-04,6.93,0,69,74,62
2023-09-05,6.04,0,68,72,65
2023-09-06,9.17,0,70,76,66
2023-09-07,6.71,0,69,75,63
2023-09-08,6.26,0,71,82,65
2023-09-09,7.38,0,73,82,68
2023-09-10,7.38,0,76,87,69
2023-09-11,5.59,0,73,85,68
2023-09-12,7.16,0,71,76,66
2023-09-13,8.05,0,69,76,66
2023-09-14,8.05,0,68,74,66
2023-09-15,7.38,0,68,73,66
2023-09-16,7.16,0,67,69,65
2023-09-17,7.83,0.03,67,71,64
2023-09-18,8.05,0,67,79,62
2023-09-19,6.71,0,67,75,61
2023-09-20,7.61,0,68,73,65
2023-09-21,8.28,0,67,71,63
2023-09-22,6.71,0,65,72,61
2023-09-23,7.83,0,66,72,62
2023-09-24,7.83,0,66,73,61
2023-09-25,6.93,0,65,74,59
2023-09-26,5.37,0,66,75,59
2023-09-27,5.59,0,67,75,61
2023-09-28,6.26,0,67,73,63
2023-09-29,6.49,0,67,70,65
2023-09-30,10.51,0,65,69,62
2023-10-01,7.16,0,63,69,58
2023-10-02,8.28,0,62,70,54
2023-10-03,6.93,0,65,77,58
2023-10-04,6.49,0,69,81,60
2023-10-05,7.38,0,72,91,62
2023-10-06,6.26,0,72,84,62
2023-10-07,4.7,0,70,79,62
2023-10-08,8.05,0,65,71,61
2023-10-09,6.93,0,64,69,61
2023-10-10,6.49,0,65,73,60
2023-10-11,8.28,0,66,72,62
2023-10-12,7.61,0,66,75,59
2023-10-13,5.82,0,67,75,60
2023-10-14,5.82,0,66,73,60
2023-10-15,6.04,0,68,79,59
2023-10-16,6.26,0,68,76,59
2023-10-17,6.04,0,67,72,62
2023-10-18,5.59,0,65,70,62
2023-10-19,7.38,0,65,72,61
2023-10-20,7.16,0,67,75,63
2023-10-21,6.93,0,68,77,60
2023-10-22,7.38,0,65,73,57
2023-10-23,6.71,0,66,73,62
2023-10-24,6.26,0,65,73,58
2023-10-25,8.72,0,66,71,63
2023-10-26,7.16,0,65,70,60
2023-10-27,6.71,0,64,72,57
2023-10-28,6.49,0,62,72,54
2023-10-29,4.92,0,63,79,51
2023-10-30,4.92,0,67,80,48
2023-10-31,4.47,0,69,83,57
2023-11-01,7.38,0,71,86,59
2023-11-02,5.82,0,68,80,55
2023-11-03,5.82,0,65,77,54
2023-11-04,5.82,0,62,70,52
2023-11-05,4.92,0,62,72,53
2023-11-06,6.04,0,63,71,58
2023-11-07,9.17,0,64,71,61
2023-11-08,5.82,0,64,77,54
2023-11-09,5.14,0,67,78,51
2023-11-10,5.14,0,64,74,50
2023-11-11,5.37,0,62,77,50
2023-11-12,6.04,0,66,84,55
2023-11-13,5.82,0,63,74,53
2023-11-14,4.47,0,62,77,51
2023-11-15,7.38,0.13,62,69,56
2023-11-16,6.49,0,62,73,58
2023-11-17,6.93,0,63,72,55
2023-11-18,6.71,0,64,70,60
2023-11-19,8.95,0,65,72,59
2023-11-20,5.14,0,63,73,50
2023-11-21,4.47,0,66,82,51
2023-11-22,6.49,0,69,83,55
2023-11-23,6.71,0,64,70,55
2023-11-24,6.71,0,62,71,57
2023-11-25,6.26,0,60,69,53
2023-11-26,4.92,0,60,72,47
2023-11-27,5.59,0,62,73,50
2023-11-28,5.82,0,62,71,53
2023-11-29,6.49,0,58,65,51
2023-11-30,6.26,0,58,65,51
2023-12-01,10.96,0,60,68,55
2023-12-02,5.14,0,58,71,48
2023-12-03,4.25,0,56,66,49
2023-12-04,4.03,0,60,72,51
2023-12-05,5.37,0,65,83,54
2023-12-06,6.71,0,63,70,54
2023-12-07,6.49,0,59,66,53
2023-12-08,7.16,0,60,69,52
2023-12-09,3.13,0,60,73,49
2023-12-10,7.16,0,62,77,51
2023-12-11,5.14,0,61,73,50
2023-12-12,6.04,0,58,66,50
2023-12-13,4.92,0,58,65,54
2023-12-14,5.37,0,59,75,47
2023-12-15,6.04,0,65,80,52
2023-12-16,6.49,0,66,79,56
2023-12-17,5.59,0,64,75,54
2023-12-18,5.59,0.01,64,72,57
2023-12-19,5.37,0.1,62,67,58
2023-12-20,7.83,1.01,61,64,59
2023-12-21,8.5,1.33,61,64,58
2023-12-22,8.05,0.5,61,69,57
2023-12-23,5.82,0,59,66,51
2023-12-24,4.92,0,59,64,54
2023-12-25,5.59,0,57,65,49
2023-12-26,4.92,0,58,65,52
2023-12-27,5.59,0,58,62,52
2023-12-28,5.59,0,57,64,50
2023-12-29,3.8,0,57,65,52
2023-12-30,8.5,0.62,57,62,54
2023-12-31,,0,56,60,51
2024-01-01,5.37,0,57,67,50
